area_fips,manufacturing_exposure
01001,0.35329980185947263
01003,0.22633635233528682
01005,0.45368266274562224
01007,0.42077922077922075
01009,0.43915343915343913
01013,0.40635973468591496
01015,0.3356451964046901
01017,0.5016135705419942
01019,0.29035971223021584
01021,0.32051026509866454
01023,0.5760687342833194
01025,0.38566256335988414
01027,0.7050013372559508
01029,0.5743348982785602
01031,0.4323615160349854
01033,0.3763291724456773
01035,0.36907894736842106
01037,0.7314218841427735
01039,0.40610634053257005
01041,0.4405570652173913
01043,0.34695652173913044
01045,0.421856027753686
01047,0.3649881474032038
01049,0.6109597335755373
01051,0.3003684598378777
01053,0.38256006628003314
01055,0.35679712349605863
01057,0.5208159866777685
01059,0.43087325564666956
01061,0.486904989485758
01063,0.204093567251462
01065,0.4452958705832269
01067,0.5132075471698113
01069,0.2586211782040747
01071,0.5783738474434199
01073,0.14055530930548246
01075,0.5914396887159533
01077,0.3136314981151394
01079,0.4005286343612335
01081,0.3606678730054285
01083,0.4880797572605115
01085,0.41504854368932037
01089,0.25105730803554105
01091,0.4284956690825526
01093,0.6208027999562507
01095,0.5060725642695683
01097,0.17952893907953804
01099,0.18686411937598915
01101,0.15069220065564493
01103,0.3790751641385556
01105,0.4468365553602812
01107,0.3440654843110505
01109,0.3505037783375315
01111,0.5805909200096084
01113,0.35200911350455677
01115,0.31381639952311563
01117,0.2840583271893176
01119,0.3782068965517241
01121,0.4507565260765948
01123,0.6121900013121637
01125,0.201601486462573
01127,0.1769900419615457
01129,0.483878344386005
01131,0.47858705845576743
01133,0.601998904709748
02016,0.5456674473067916
02020,0.021292648168329282
02090,0.02673482578294847
02110,0.02023557837511326
02122,0.19772156787024522
02130,0.16428808496515102
02150,0.41840731070496084
02170,0.010118785745710514
02201,0.09933774834437085
02220,0.21924959216965742
02280,0.2665210267613326
04003,0.08023299511461857
04005,0.11075812274368231
04007,0.15240825688073395
04009,0.0516030534351145
04012,0.07493188010899182
04013,0.15885282986805632
04015,0.10234447436972935
04017,0.10031741833090861
04019,0.1300598936581987
04021,0.13680567723847906
04023,0.11889306457123335
04025,0.101620029455081
04027,0.06406948203159418
05001,0.3368031776468977
05003,0.3101657185258471
05005,0.3572141510480204
05007,0.35620221948212083
05009,0.29060429632603896
05011,0.4686976899899565
05013,0.8054054054054054
05015,0.43666563179136914
05017,0.3743277160272499
05019,0.28863025962399286
05021,0.526579739217653
05023,0.42298850574712643
05025,0.16842105263157894
05027,0.38823529411764707
05029,0.38637721569408484
05031,0.2615396838007468
05033,0.4021344938348358
05035,0.191969887076537
05037,0.37783318223028106
05039,0.42028493894165536
05041,0.3464587062132447
05043,0.459730778005932
05045,0.34905268159410824
05047,0.35745878568556494
05049,0.344206008583691
05051,0.14184882576891816
05053,0.456710775047259
05055,0.489287598944591
05057,0.42838477870325004
05059,0.3573128317774117
05061,0.6077423257220625
05063,0.4070160957490714
05065,0.34369747899159664
05067,0.30288166768853464
05069,0.23854703171591218
05071,0.5227377124483233
05073,0.389538885065382
05075,0.4556997742663657
05079,0.42070338420703385
05081,0.3176494760632833
05083,0.5258239055582883
05085,0.346044752600063
05087,0.4481881754609027
05089,0.5431818181818182
05091,0.22062287359330018
05093,0.36718290531268377
05095,0.3279503105590062
05097,0.3292831105710814
05099,0.36768963520555875
05101,0.25226860254083483
05103,0.3822161422708618
05107,0.26392961876832843
05109,0.34798345398138575
05111,0.43775933609958506
05113,0.4024248076474703
05115,0.2891871829766176
05119,0.1208500630601539
05121,0.5584719334719335
05123,0.2821692686935086
05125,0.28327682379962815
05127,0.5127175368139224
05129,0.4493891797556719
05131,0.36218241959321557
05133,0.44823032223983095
05135,0.0922992900054615
05137,0.3488235294117647
05139,0.3106743922107401
05141,0.2570573139435415
05143,0.2955402360395333
05145,0.3178979108335128
05147,0.3903601694915254
05149,0.6060299473897207
06001,0.16503276857896873
06005,0.17916002126528444
06007,0.1160002386017935
06009,0.05073545086335536
06011,0.08785529715762273
06013,0.12040546704204086
06015,0.1245674740484429
06017,0.06881763527054108
06019,0.1092264486374606
06021,0.24493080141615706
06023,0.1615844970076945
06025,0.046387104046894376
06027,0.04274509803921569
06029,0.06114288574897063
06031,0.1509365173403819
06033,0.050059031877213694
06035,0.1515003659429129
06037,0.22296047681779876
06039,0.16603177552726936
06041,0.05789276428286993
06043,0.03578383641674781
06045,0.2027613247684992
06047,0.19892449224478911
06051,0.011812812358019082
06053,0.08174701557166873
06055,0.16311980988491628
06057,0.14380530973451328
06059,0.2221342874505031
06061,0.1487986647517758
06063,0.16715741789354474
06065,0.1254774099952629
06067,0.08657543038132647
06069,0.20346410684474123
06071,0.14546457996609768
06073,0.15411009003497667
06075,0.07445012600004894
06077,0.18142145088110334
06079,0.08789320644990749
06081,0.12196964298439393
06083,0.1518402437059711
06085,0.34203456945890887
06087,0.13541244768462266
06089,0.10195133149678605
06093,0.11290160136972505
06095,0.10408943217439846
06097,0.17168684371086348
06099,0.22777473374199514
06101,0.11278240190249703
06103,0.18060064935064934
06105,0.18968481375358165
06107,0.1398636177761077
06109,0.09752409752409752
06111,0.16064462898682327
06113,0.14351699831439768
06115,0.19350523890911794
08001,0.15539456596470677
08003,0.02450732693279434
08005,0.06996261288539006
08007,0.01102629346904156
08013,0.2502315886984715
08015,0.06316160903316867
08021,0.11301859799713877
08029,0.09510250569476082
08031,0.09048725323893109
08035,0.07609414878532943
08037,0.022972870853170103
08039,0.12026359143327842
08041,0.16550173319370368
08043,0.15970122710296994
08045,0.023142382731423827
08049,0.03909952606635071
08051,0.01985177342509264
08055,0.09669211195928754
08059,0.17598534135503446
08063,0.0502283105022831
08067,0.04199247031566754
08069,0.23842584577028292
08071,0.02839564600094652
08075,0.14100114635078334
08077,0.1179703567122899
08081,0.015605493133583021
08083,0.06127114769090078
08085,0.16395256916996048
08087,0.26126704089815556
08089,0.14923234390992834
08091,0.07583774250440917
08097,0.02399654725938714
08099,0.18970503181029497
08101,0.15799122437939533
08105,0.06655348047538201
08107,0.01588836695219674
08123,0.1669700087045976
08125,0.04915254237288136
09001,0.21710835730457514
09003,0.1984531453216735
09005,0.31014004773093073
09007,0.25858074249690177
09009,0.18685197229980488
09011,0.2987643375630299
09013,0.162002567394095
09015,0.31034607850250306
10001,0.21164331561874525
10003,0.12944366939698237
10005,0.27163917001709875
11001,0.01593198960415427
12001,0.08079129913505181
12005,0.07654215474335127
12007,0.2078322540857231
12009,0.21216264114638717
12011,0.09609720684252362
12013,0.0893169877408056
12015,0.03851902464021865
12017,0.04762431550417612
12019,0.07307831107903284
12021,0.032732599838244496
12023,0.15415632754342432
12027,0.06386590282198175
12029,0.2551581843191197
12031,0.09699821094464854
12033,0.10733697311690056
12035,0.20761078998073218
12037,0.059930313588850176
12039,0.19465988556897648
12041,0.09384775808133472
12049,0.03738147337709701
12051,0.10369815092453773
12053,0.06763048272482235
12055,0.07938903646462207
12057,0.08641543898661795
12059,0.22822384428223844
12061,0.07620595846327384
12063,0.2360278830867066
12065,0.09635036496350365
12069,0.12250557337828286
12071,0.04977772744004304
12073,0.0340825350036846
12075,0.058168942842690946
12079,0.3026597370834607
12081,0.15109108524151507
12083,0.1897478698006638
12085,0.0903478081909858
12086,0.10995286076719302
12087,0.021703505335944683
12089,0.17180993059263214
12091,0.09376473215393395
12093,0.04088930348258706
12095,0.0947629291168789
12097,0.045802250600581615
12099,0.09459654903539
12101,0.06915320270425117
12103,0.13325216930772685
12105,0.1640921449699722
12107,0.26298541700802885
12109,0.13809329894574907
12111,0.05961334745762712
12113,0.18181144381855915
12115,0.07958749129159184
12117,0.13639343435616852
12119,0.10083090051650573
12123,0.313746826260428
12127,0.1095406013338965
12129,0.3853989813242784
12131,0.1907233214401557
12133,0.2481371087928465
13001,0.259467758444217
13003,0.4229848363926576
13005,0.5242275280898876
13009,0.418555667001003
13011,0.47591623036649217
13013,0.407136836189941
13015,0.4251801110192512
13017,0.5020519835841313
13019,0.4485981308411215
13021,0.20578832759339624
13025,0.23116883116883116
13027,0.4134387351778656
13031,0.22722772277227724
13033,0.32234508658460254
13035,0.31452581032412963
13037,0.3047830923248053
13039,0.2806460917219498
13043,0.22441160372194854
13045,0.452551263710062
13047,0.28997987027510624
13049,0.4391619661563255
13051,0.1680491959209857
13055,0.6635562467599793
13057,0.2261000316555872
13059,0.3033695769189364
13063,0.07890823686368248
13065,0.5116279069767442
13067,0.07370082488303197
13069,0.36438582028029676
13071,0.3831472081218274
13073,0.20406792670056606
13075,0.4213703591910655
13077,0.34091800706159275
13079,0.13980263157894737
13081,0.24487851357789422
13083,0.4076034648700674
13087,0.44454258675078867
13089,0.11986978111066073
13091,0.2103403982016699
13093,0.3977619532044761
13095,0.21908790408426243
13097,0.10733512786002691
13099,0.2786754966887417
13103,0.35215404699738906
13105,0.5788623721514444
13107,0.5300148834132627
13109,0.4862183020948181
13111,0.2937640871525169
13113,0.21838715817524268
13115,0.35065784941792383
13117,0.34400165186867643
13119,0.3242891252441936
13121,0.0893777110209582
13123,0.4742765273311897
13127,0.18876488714916298
13129,0.566478854996438
13131,0.2717301324503311
13133,0.5059575704736995
13135,0.1631113701092443
13137,0.4357316087308003
13139,0.36576344777679504
13143,0.4971365231849252
13145,0.22763347763347763
13147,0.590548733094979
13149,0.3933143669985775
13151,0.3552443263136373
13153,0.14017045454545454
13155,0.0152
13157,0.48481182795698924
13159,0.653276955602537
13161,0.5412826044322416
13163,0.5564853556485355
13165,0.5260416666666666
13167,0.65176223040505
13169,0.14564831261101244
13171,0.4661602209944751
13175,0.3619259714329596
13177,0.24924318869828457
13179,0.14114429953723182
13185,0.23625863252695772
13187,0.3635307781649245
13189,0.35918963314473445
13191,0.37591537835638733
13193,0.4724824355971897
13195,0.19669777458722182
13199,0.49240414757656137
13205,0.37386489479512736
13207,0.2849849152935716
13209,0.2416326530612245
13211,0.33694829760403533
13213,0.603587210813621
13215,0.2330771059513432
13217,0.3652354419316071
13219,0.21937842778793418
13221,0.10949612403100775
13225,0.21124129733401256
13227,0.2257328990228013
13229,0.2446705426356589
13231,0.42392566782810687
13233,0.5256785524215007
13237,0.47173659673659674
13241,0.36654706044714325
13243,0.4078549848942598
13245,0.16636960974701392
13247,0.3084149855907781
13249,0.6711656441717792
13251,0.567979669631512
13253,0.13072625698324022
13255,0.33893038937000064
13257,0.5044424700133274
13261,0.33745377707342844
13267,0.2656203731122298
13269,0.3010648596321394
13273,0.49208386820710315
13275,0.33085850212643264
13277,0.32580351728320195
13279,0.3058760397102227
13285,0.3749675745784695
13287,0.26745718050065875
13291,0.30820695807314896
13293,0.5264627336732216
13295,0.5841767068273093
13297,0.4045409110381265
13299,0.26446203127944223
13301,0.6714610143830432
13303,0.17369114257490945
13305,0.3938053097345133
13311,0.15859872611464967
13313,0.5312009331120183
13317,0.4686150780471604
13319,0.15107415107415106
13321,0.21594393342093737
15001,0.06075867715285186
15003,0.050453987428040456
15007,0.03944369505558398
15009,0.04612737420308398
16001,0.13769751693002258
16005,0.11595301250473665
16009,0.26507177033492824
16011,0.26549470362857785
16013,0.030970204021723177
16017,0.6754785169321376
16019,0.05865798255136091
16021,0.18858695652173912
16027,0.27468789578433145
16031,0.2715219760261533
16035,0.18491356731272918
16039,0.08391608391608392
16041,0.22761506276150628
16043,0.10307802433786686
16045,0.2742017232640649
16047,0.024573919936583432
16049,0.22069236821400473
16051,0.20088954781319496
16053,0.1657817109144543
16055,0.15206198705204668
16057,0.08827871272512548
16059,0.1664012738853503
16061,0.36057068741893644
16065,0.18449800589561297
16067,0.36618098159509205
16069,0.25820306999014225
16073,0.04573170731707317
16075,0.31204886174347585
16077,0.5657552083333334
16079,0.033875700186716456
16081,0.03309692671394799
16083,0.17935629466444575
16085,0.059800664451827246
16087,0.1945945945945946
17001,0.24296830671962388
17003,0.263986013986014
17005,0.2300432559968541
17007,0.6313707451701932
17011,0.25436324738205157
17015,0.21226415094339623
17017,0.4538481883099709
17019,0.17540286561617893
17021,0.10568168721908494
17023,0.22048997772828507
17025,0.48866563626996395
17027,0.13527673293927997
17029,0.24199917486886308
17031,0.1866888463675623
17033,0.3398527865404837
17035,0.1011011011011011
17037,0.307522865488675
17039,0.2222
17041,0.36615384615384616
17043,0.1562816063721073
17045,0.21254355400696864
17049,0.20713910070996583
17051,0.2901990811638591
17053,0.2444384156266956
17055,0.07944191343963554
17057,0.05761860710981895
17061,0.1991701244813278
17063,0.19112880822298361
17065,0.04083885209713024
17067,0.2970495560011458
17073,0.2944275248991687
17075,0.18346213292117466
17077,0.08512813522355507
17079,0.39185750636132316
17081,0.2090661564500699
17083,0.042156185210780926
17085,0.335812066925807
17089,0.28201985147214503
17091,0.17967896740029787
17093,0.2765885151206252
17095,0.3022806546820499
17097,0.2687302297258702
17099,0.20290991188736635
17101,0.08359046283309958
17103,0.2275888717156105
17105,0.2806361981412283
17107,0.17550884217550886
17109,0.21809451604751073
17111,0.37952607684641787
17113,0.14374763883641858
17115,0.2776866991673498
17117,0.18638307203157548
17119,0.2759201215422729
17121,0.20394841585734755
17123,0.35061826884722774
17125,0.08866995073891626
17127,0.2230769230769231
17131,0.13697104677060135
17133,0.08508287292817679
17135,0.23579394583112057
17137,0.3108462455303933
17139,0.19823080016083636
17141,0.43150966680378444
17143,0.18016483318737478
17145,0.25930499206209207
17147,0.18706508391322144
17149,0.09673202614379085
17155,0.47998159226875287
17157,0.2547661955800057
17159,0.3279835390946502
17161,0.20639040236503325
17163,0.11503583194647285
17165,0.017908723281340265
17167,0.05883330793633203
17169,0.13591160220994475
17173,0.3036649214659686
17175,0.3772455089820359
17177,0.41887840088839534
17179,0.4227319476667703
17181,0.320360970107163
17183,0.3666194974566872
17185,0.30346524502768096
17187,0.1830640212722438
17189,0.26263202968883814
17191,0.2603116406966086
17193,0.05067567567567568
17195,0.4200743494423792
17197,0.22467712532415848
17199,0.20251343780755546
17201,0.37196560652521626
17203,0.18742538798249106
18001,0.5532319391634981
18003,0.23197175008485418
18005,0.43743800013226636
18007,0.20011086474501108
18009,0.5570128479657388
18011,0.1815990778581159
18013,0.05947955390334572
18015,0.30120145291981
18017,0.43077547706049535
18019,0.2429976517033659
18021,0.2883384932920537
18023,0.43862501451631636
18025,0.10975609756097561
18027,0.2651679306608884
18029,0.2831665383628432
18031,0.506610127213769
18033,0.5760816383588453
18035,0.2598023970718404
18037,0.48073022312373226
18039,0.533782692494051
18041,0.580110497237569
18043,0.32112641264744024
18045,0.41790625877069887
18047,0.27592345349354697
18049,0.507548526240115
18051,0.293422519509476
18053,0.4250981247274313
18055,0.24439538043478262
18057,0.1419369107848829
18059,0.20474875759249034
18061,0.29186421391996964
18063,0.09045978732963907
18065,0.31973405862798426
18067,0.4775288417784202
18069,0.4671393292440054
18071,0.33850554165176977
18073,0.18406840684068407
18075,0.5537065052950075
18077,0.34150884818379384
18079,0.42461308037943085
18081,0.2174571777282101
18083,0.13719429039003544
18085,0.5323450657767085
18087,0.5137428298279159
18089,0.2541829138603332
18091,0.3332518536625112
18093,0.38971763452317526
18095,0.37448441933099685
18097,0.1839487200226473
18099,0.4527851287678306
18101,0.24263038548752835
18103,0.4127545248868778
18105,0.24495684933336895
18107,0.5177579295309094
18109,0.2850358596627253
18111,0.3549139690871974
18113,0.5993897122929381
18117,0.45097670924117206
18119,0.3891916439600363
18121,0.18808911739502998
18123,0.39148073022312374
18127,0.30535130184482534
18129,0.43250769456250915
18131,0.40603106914407555
18133,0.260467721607618
18135,0.5129213483146068
18137,0.2619797891991742
18139,0.3165672802696396
18141,0.20924581390315408
18143,0.40854247104247104
18145,0.4571993670886076
18147,0.28802022559315443
18149,0.3022113022113022
18151,0.4774326140226069
18153,0.13736416829200335
18155,0.5004703668861712
18157,0.2625582917450708
18159,0.15882164585334616
18161,0.06053268765133172
18163,0.2049656814679927
18165,0.35246104377937176
18167,0.20542597833512247
18169,0.48951105373567855
18171,0.3920704845814978
18173,0.369916533475404
18175,0.5499793473771168
18177,0.32168445679192864
18179,0.3782575370464997
18181,0.41383970806865794
18183,0.5059823325505982
19001,0.17142857142857143
19003,0.34346754313886607
19005,0.3716789920569707
19007,0.3506415995225306
19009,0.07011070110701106
19011,0.1445910290237467
19013,0.2779740871613663
19015,0.1544822401804172
19017,0.19478927203065133
19019,0.23148705599036726
19021,0.23040867145158928
19023,0.13918236104731282
19025,0.10052447552447552
19027,0.12149774047772757
19029,0.21577574967405475
19031,0.2127940787734602
19033,0.20951477635782748
19035,0.29923273657289
19037,0.4194074476759989
19039,0.5030721966205837
19041,0.18932655654383734
19043,0.31684362934362936
19045,0.27664029781293625
19047,0.3159306644655386
19049,0.2503215434083601
19051,0.2415686274509804
19053,0.21987951807228914
19055,0.34217955957086393
19057,0.3693523077755533
19059,0.2676795080484717
19061,0.281526465736992
19063,0.2157185136468267
19065,0.19199392904572188
19067,0.32785521115040567
19069,0.2824196597353497
19073,0.20446473871131404
19075,0.14664523905182805
19077,0.02844141069397042
19079,0.39301919720767886
19081,0.41988384010932694
19083,0.20007177462766912
19085,0.07661452065784195
19087,0.28730425779733404
19089,0.30836618484450284
19091,0.2762278978388998
19093,0.33827442037248195
19095,0.4963472885642034
19097,0.29798442510306916
19099,0.09892660284305192
19101,0.303045515394913
19103,0.1397983193277311
19105,0.2731071779744346
19107,0.1487942534633145
19109,0.18041898247114152
19111,0.4137954514503609
19113,0.2584786053882726
19117,0.12697095435684647
19119,0.2965069049553209
19121,0.08848667672197084
19123,0.18326479527981404
19125,0.4392489941886455
19127,0.3740210258943061
19129,0.004969630038652678
19131,0.2703040399833403
19133,0.07064439140811456
19135,0.2882205513784461
19137,0.2826295585412668
19139,0.4688995215311005
19141,0.14236588720770288
19143,0.3352059925093633
19145,0.22485572959604286
19147,0.10295670538542767
19149,0.1488302638128422
19151,0.2747924858016601
19153,0.11014766483516483
19155,0.15530093282787408
19157,0.1997880233174351
19159,0.11965811965811966
19161,0.0916030534351145
19163,0.2126254246661926
19165,0.0865072335400059
19167,0.35156478502486105
19169,0.10919176682399884
19171,0.20259190690293574
19173,0.28353658536585363
19175,0.31760299625468164
19177,0.38688827331486614
19179,0.24779220779220779
19181,0.09117027389389006
19183,0.2164795594153781
19185,0.3328358208955224
19187,0.1917985807860262
19189,0.5231764911666958
19191,0.2475
19193,0.18005178153125384
19195,0.39536468984321743
19197,0.2861743237440962
20001,0.3790880878491287
20003,0.21986970684039087
20005,0.3176323468111713
20007,0.1622340425531915
20009,0.16101298944023923
20011,0.2783835792174471
20013,0.26465976795233614
20015,0.07434280956345903
20021,0.3733722496632241
20027,0.19258872651356992
20029,0.04007694773966015
20031,0.09671465485418974
20033,0.1211453744493392
20035,0.2811716320593841
20037,0.27630477253698016
20041,0.13588621444201313
20043,0.33131435493640216
20045,0.14623484999006556
20047,0.26721120186697783
20051,0.0671819938615437
20053,0.16687737041719342
20055,0.3318197942532813
20057,0.2866253644314869
20059,0.26573690162080665
20061,0.0733354271356784
20063,0.1573373676248109
20067,0.06927326816829579
20069,0.01910299003322259
20073,0.06447368421052632
20077,0.15348837209302327
20079,0.2903588590123709
20085,0.16501240694789082
20087,0.030991735537190084
20091,0.11981360231227511
20095,0.10051216389244558
20099,0.4461177120751589
20103,0.12224283652855081
20107,0.04963112005365526
20111,0.36801029159519727
20113,0.3101452218949934
20115,0.15671062839410396
20117,0.26542121959816706
20121,0.2066281697213156
20123,0.15431235431235432
20125,0.34989835102778405
20127,0.1260827718960539
20131,0.2441534144059869
20133,0.36443725278676736
20137,0.0809748427672956
20139,0.19527235354573483
20141,0.2069271758436945
20143,0.057571964956195244
20147,0.19455006337135614
20149,0.1378712334706265
20151,0.02919188323246707
20155,0.2525055679287305
20157,0.18975332068311196
20159,0.15817223198594024
20161,0.029284649776453054
20163,0.02413793103448276
20165,0.37166900420757365
20167,0.12408127972330307
20169,0.1648296364052138
20173,0.3086876922199229
20177,0.11228384019081694
20191,0.2463768115942029
20193,0.026842948717948716
20197,0.18250377073906485
20201,0.0529595015576324
20205,0.46337157987643424
20209,0.23930622483332234
21001,0.3728932584269663
21003,0.36596491228070177
21005,0.4139554794520548
21007,0.45979381443298967
21009,0.39126478616924476
21011,0.17653061224489797
21013,0.11501925545571245
21015,0.22843312395551202
21017,0.23677306515085264
21019,0.23767057945165707
21021,0.3133201170584348
21027,0.09346846846846847
21029,0.36308891250442793
21031,0.6330749354005168
21033,0.2649695231265687
21035,0.2869015132721409
21037,0.17648105319338195
21039,0.34615384615384615
21041,0.4908784731967443
21043,0.23155737704918034
21045,0.5961113566062749
21047,0.2868821999256782
21049,0.35659535522251457
21051,0.15867707172054998
21053,0.43195625759416767
21055,0.3467690339091491
21057,0.48628257887517146
21059,0.21209295901101557
21065,0.25503778337531485
21067,0.10414654279140835
21069,0.3595608417200366
21071,0.04409095761716665
21073,0.290734109221128
21075,0.43407043407043405
21077,0.1455160744500846
21081,0.16842872767043382
21083,0.44646077547339946
21085,0.470508166969147
21087,0.5385064177362894
21089,0.2710215427380125
21091,0.7877866814037027
21093,0.22842566987699056
21095,0.01917367639782286
21097,0.4603799814643188
21099,0.4564334085778781
21101,0.3362786198000645
21103,0.32732586458840723
21107,0.2317596566523605
21109,0.22304147465437787
21111,0.19166199232903294
21113,0.251840250587314
21117,0.11591006884681583
21121,0.2561307901907357
21123,0.3489847715736041
21125,0.27672155688622757
21133,0.0034495975469528554
21135,0.6509533898305084
21137,0.20346820809248556
21141,0.593039573393208
21145,0.1329681094220513
21147,0.41039156626506024
21149,0.31913183279742763
21151,0.27729271975316744
21155,0.38908621246367453
21157,0.36809499225606607
21161,0.44507992374248423
21163,0.24246575342465754
21165,0.20962199312714777
21167,0.4077609462544096
21169,0.7255287752090507
21171,0.598655462184874
21173,0.3613277707237439
21175,0.14981818181818182
21177,0.1295296838858905
21179,0.4073717176583956
21183,0.3259900340938893
21185,0.13172043010752688
21191,0.27695167286245354
21193,0.0274091529207491
21195,0.015445321307779031
21197,0.42677561282212445
21199,0.2772840151614168
21203,0.4358468219502566
21205,0.17936170212765956
21207,0.65427118049465
21209,0.5279457768508864
21211,0.4295110449242988
21213,0.5455737704918033
21217,0.6045720984759672
21219,0.6047794117647058
21221,0.4640383590836441
21225,0.20445969125214408
21227,0.23157859687676888
21229,0.3915407854984894
21231,0.4824634078983706
21233,0.2350620067643743
21235,0.13384689455946075
21237,0.2665330661322645
21239,0.46071336262600154
22001,0.20294311443004612
22003,0.25386646548472275
22005,0.2954105076676078
22007,0.5318985395849347
22009,0.13922183293380047
22011,0.229918509895227
22013,0.5018242122719735
22015,0.10504073007901023
22017,0.17432703570972943
22019,0.20268605004196955
22021,0.10858400586940573
22023,0.06647211413748379
22025,0.024786324786324785
22027,0.21299093655589124
22031,0.32437275985663083
22033,0.09580737042223982
22037,0.16055045871559634
22039,0.2404138770541692
22041,0.2578052550231839
22043,0.5148188803512623
22045,0.2347929463047355
22047,0.4673934588701685
22049,0.41006931776723826
22051,0.10900658589311749
22053,0.1445252679938744
22055,0.06387515619057967
22057,0.1348768180468982
22059,0.2628250175685172
22061,0.16306228373702422
22063,0.14493524924605286
22065,0.09538784067085954
22067,0.36215309545593166
22069,0.24568757053038853
22071,0.07474229182624424
22073,0.15806918029140252
22075,0.1634676903390915
22077,0.026960024790827392
22079,0.09799493392742699
22081,0.4014199890770071
22083,0.28793225123500354
22085,0.30193110647181626
22087,0.1254112252018742
22089,0.28924140485155236
22091,0.2824858757062147
22093,0.43863001616933706
22095,0.2574736842105263
22097,0.1594651760084605
22099,0.502169318055401
22101,0.17538516660695092
22103,0.07950073538180229
22105,0.13254453602765223
22109,0.08883248730964467
22111,0.16173570019723865
22113,0.1254383913958382
22115,0.07068567026194145
22117,0.2554956449605973
22119,0.3593870470316114
22121,0.2563291139240506
22123,0.28023407022106633
22127,0.3484189149985495
23001,0.24147103992979377
23003,0.21661559128500063
23005,0.12076025776980177
23007,0.30411308530480025
23009,0.1634114174464611
23011,0.1731944478808422
23013,0.17337883959044367
23017,0.3233077309597301
23019,0.20583173230867755
23021,0.4139052652978248
23025,0.3218017509178198
23027,0.2466765140324963
23029,0.24009645194626247
23031,0.2875528714573296
24001,0.20044524359962326
24003,0.14856928172728945
24005,0.16992923171695656
24011,0.2800063421595053
24013,0.20586987039273938
24015,0.23221051181373562
24017,0.054693523515805705
24019,0.31628442567891757
24021,0.12607064486444397
24023,0.21449631449631448
24025,0.1135747373178172
24027,0.10079702593854734
24029,0.17544442598438278
24031,0.05078975946313263
24033,0.06645364199054646
24035,0.1413095427752111
24039,0.13225526999711232
24041,0.1883196869792044
24043,0.20869405469952007
24045,0.1799966661110185
24047,0.12317421232301752
24510,0.11474544828428922
25001,0.044913060791080435
25003,0.23372699807745126
25005,0.2975236901686539
25009,0.28455862442458707
25011,0.21793444051711616
25013,0.2168857461942273
25015,0.1649998694414706
25017,0.22802288245063665
25021,0.16129094308555247
25023,0.141596743374595
25025,0.05481311108467392
25027,0.26019767268086
26001,0.2157279489904357
26003,0.42613636363636365
26005,0.5802161263507897
26007,0.2648617511520737
26009,0.37486308871851043
26011,0.163211582757486
26013,0.2950257289879931
26015,0.33617271258628284
26017,0.1942465030351016
26019,0.2670243499793644
26021,0.3396656399665284
26023,0.416193853427896
26025,0.3458206458806879
26027,0.4350857620973365
26029,0.44843897824030277
26031,0.13414164742109314
26033,0.08524688578718295
26035,0.19259848786311182
26037,0.2056349873843566
26039,0.1975225979243388
26041,0.28198214949795464
26043,0.208344846642719
26045,0.1979203508523732
26047,0.1427391982386937
26049,0.34346068679484026
26051,0.23937583001328022
26053,0.20933263816475495
26055,0.17012819238795587
26057,0.23621572762880386
26059,0.5049581956056777
26061,0.08766496094802047
26063,0.33611111111111114
26065,0.22677233210263517
26067,0.3251520648810159
26069,0.2627875042911088
26071,0.16069941715237301
26073,0.11386105319792858
26075,0.2862191639750971
26077,0.30570274774582284
26079,0.2551054569802477
26081,0.27804503439851347
26087,0.37020717377860235
26089,0.07806288398988073
26091,0.41229440789473687
26093,0.26909151442007573
26097,0.045789305155299394
26099,0.35464187706364286
26101,0.28520499108734404
26103,0.03599232765429313
26105,0.35360049132504223
26107,0.22086001829826166
26109,0.5026611472501479
26111,0.12703018175754544
26113,0.22831727205337288
26115,0.29134140227744754
26117,0.4008103598951299
26119,0.15118912797281994
26121,0.334349195889875
26123,0.3374588751370829
26125,0.17440722493450822
26127,0.2746858168761221
26129,0.18600953895071543
26133,0.5303103782735209
26135,0.31419196062346183
26137,0.22926757669161896
26139,0.4088686609646465
26141,0.056766917293233084
26145,0.2952325719332006
26147,0.2964928743182218
26149,0.5160692570502056
26151,0.4721101352955139
26153,0.181877444589309
26155,0.3256770911267395
26157,0.3150997836018274
26159,0.2659118949125481
26161,0.2823481260597556
26163,0.20500087639877856
26165,0.3285551054326374
27001,0.14305684995340168
27003,0.3007466238324707
27005,0.1899192425508215
27007,0.1287094146398231
27009,0.3332951026493864
27011,0.04284490145672665
27013,0.1462360248447205
27015,0.34365699404761907
27017,0.24350469872857933
27019,0.5004804392587509
27021,0.03944618599791014
27023,0.25545908971323333
27025,0.27769742551345095
27027,0.09378806333739342
27029,0.12276422764227642
27033,0.20556745182012848
27035,0.1665769437822041
27037,0.17211780211990652
27039,0.2666112956810631
27041,0.2054947509492964
27043,0.3274867297484422
27045,0.2480123674911661
27047,0.27348199633169223
27049,0.26489784335981836
27051,0.0756578947368421
27053,0.15511102618001146
27055,0.17815721649484537
27057,0.08369252873563218
27059,0.2179050670939315
27061,0.19570123589468028
27063,0.2731685789938217
27065,0.22774869109947643
27067,0.20266708016746782
27069,0.010775862068965518
27071,0.21145745577085087
27073,0.20976253298153033
27075,0.18125960061443933
27079,0.4090987420299845
27083,0.3023992756903576
27085,0.5277121713116044
27089,0.10917941585535466
27091,0.2700691815689858
27093,0.2824990298797051
27095,0.3564175129016148
27097,0.23519974330178084
27099,0.26835858342178903
27101,0.16431095406360424
27103,0.43353658536585366
27105,0.29896907216494845
27109,0.20399402441746656
27111,0.19749533291848165
27113,0.21810250817884405
27115,0.11406389967154375
27117,0.21739130434782608
27119,0.13349033217649975
27121,0.1650692225772098
27123,0.19322908735342914
27127,0.2285343709468223
27129,0.21571753986332573
27131,0.24993586454592098
27133,0.18447448757086785
27137,0.08517330012612354
27139,0.22949698439345892
27141,0.18089076884797214
27143,0.1293759512937595
27145,0.18957790515893694
27147,0.36153400028998117
27149,0.10593047034764826
27151,0.19838872104733132
27153,0.39217152829718277
27155,0.027496382054992764
27157,0.26565823682344597
27159,0.1861567635903919
27161,0.30726256983240224
27163,0.24847137298499167
27165,0.47556912826207665
27169,0.38760693381359745
27171,0.16210746685275645
27173,0.21519507186858317
28001,0.20345934379457917
28003,0.53937764118325
28005,0.4658952496954933
28007,0.4474885844748858
28009,0.43681747269890797
28011,0.29436133486766397
28013,0.6287143277434539
28017,0.7396278428669882
28019,0.41571524513096036
28021,0.18093385214007782
28023,0.5907455012853471
28025,0.589018302828619
28027,0.1965310024583447
28029,0.5020235112738485
28031,0.46295652173913043
28033,0.35175908004098827
28035,0.19021787068889476
28039,0.2616731517509728
28043,0.45867059112092223
28045,0.12141863699582754
28047,0.15623596010423219
28049,0.11634433291140482
28051,0.3067061143984221
28053,0.4519561815336463
28057,0.5166189742460929
28059,0.5159368070953437
28061,0.3362561951963401
28067,0.27126035761011774
28069,0.5470817120622569
28071,0.23467532467532468
28073,0.252262443438914
28075,0.20833654068201063
28077,0.5794894760412002
28081,0.4278905703053476
28083,0.28183697312842637
28085,0.2000695894224078
28087,0.34667836000877
28089,0.18286076127488918
28091,0.2302317028319235
28093,0.39248051352590557
28095,0.5884076549766505
28097,0.3412384716732543
28099,0.44155844155844154
28101,0.4865649963689179
28103,0.4559958826556871
28105,0.2777266149190896
28107,0.4742130750605327
28109,0.23731554477461086
28111,0.5553613053613053
28113,0.339081653854145
28115,0.7245429067129321
28117,0.5940650291069147
28119,0.33704918032786885
28121,0.21095890410958903
28123,0.5508975599269053
28127,0.4044635865309319
28129,0.6221071863580999
28131,0.28531727651690597
28133,0.453879260207049
28135,0.19451629591308847
28137,0.3641791044776119
28139,0.5726865193723983
28141,0.4977089242854026
28143,0.27742676622630674
28145,0.564594759293114
28147,0.25625920471281294
28149,0.2709791445740544
28151,0.2329542530746668
28153,0.26065533382606554
28155,0.6078595317725752
28157,0.39146800501882056
28159,0.5403981264637002
28161,0.6083460949464012
28163,0.2825655281969817
29001,0.17988883274381
29007,0.36937755565651975
29009,0.5829073020160124
29011,0.5051712992889463
29013,0.10926258992805755
29015,0.1525844930417495
29017,0.3832
29019,0.1183688015477039
29021,0.2648726921684566
29023,0.20670548459804658
29027,0.2760573563079889
29029,0.10964063931589127
29031,0.2077372982876471
29033,0.16560139453805928
29035,0.39169909208819714
29037,0.12741776854988526
29039,0.3260965883916704
29041,0.3339907955292571
29043,0.3955303299042214
29045,0.12247474747474747
29047,0.23483857279253156
29049,0.04099960952752831
29051,0.07267528698843512
29053,0.16569140745303357
29055,0.4721115537848606
29057,0.3045793397231097
29059,0.271597265382225
29061,0.35714285714285715
29065,0.2400422982023264
29067,0.5309192200557104
29069,0.2503664223850766
29071,0.3801497361207708
29073,0.46185147507629704
29075,0.09090909090909091
29077,0.18357076011230114
29079,0.2587556654305727
29081,0.06539074960127592
29083,0.2877294685990338
29085,0.16352201257861634
29089,0.28450704225352114
29091,0.35381443298969073
29093,0.2168073676132003
29095,0.12859973170309782
29097,0.27827741265997924
29099,0.18600446256828498
29101,0.24725274725274726
29103,0.12224108658743633
29105,0.41316208229142987
29107,0.2112152553329024
29109,0.36276978417266187
29113,0.16710642040457344
29115,0.4716739297615996
29117,0.17893088794453144
29119,0.5102040816326531
29121,0.3681267474370923
29123,0.40873506386485375
29125,0.27169421487603307
29127,0.2728109656301146
29131,0.3012405110164784
29133,0.1253661394258934
29135,0.4832146490335707
29139,0.3546465448768864
29141,0.2555391432791728
29143,0.47988686360779387
29145,0.4372388433896039
29147,0.3225413402959095
29149,0.2207001522070015
29151,0.3971367974549311
29153,0.21436848203939746
29155,0.30620623037913547
29157,0.402925772078743
29159,0.2776999752862674
29161,0.11456262425447317
29163,0.26332882273342356
29165,0.06268616301110208
29167,0.12712880786759415
29169,0.15670859538784068
29173,0.3722067039106145
29175,0.246680642907058
29177,0.14094827586206896
29179,0.34982078853046594
29181,0.4408322496749025
29183,0.2184688978629738
29186,0.45185357892282585
29187,0.255880376344086
29189,0.19428415760667675
29195,0.3446327683615819
29199,0.2835408022130014
29201,0.19642227705322524
29203,0.6158701532912534
29205,0.29707792207792205
29207,0.43277096114519426
29213,0.05924500053470217
29215,0.47923875432525953
29217,0.29060599234061724
29219,0.3546066372708285
29221,0.17028380634390652
29223,0.5961538461538461
29225,0.38375499334221036
29229,0.42151628403630537
29510,0.1669920317866639
30001,0.051211453744493395
30007,0.20066334991708126
30009,0.06173913043478261
30013,0.0454207974843866
30017,0.020225464190981434
30021,0.023059866962305987
30027,0.03420752565564424
30029,0.1676511178581286
30031,0.10895281623874177
30041,0.024158314058082754
30043,0.07798537774167344
30047,0.14328984156570362
30049,0.04751192910702113
30053,0.26369216241737486
30061,0.24867021276595744
30063,0.13349470055378296
30065,0.03869969040247678
30067,0.06556836902800658
30071,0.029580936729663106
30081,0.19384319384319385
30083,0.11745334796926454
30089,0.20642201834862386
30091,0.029867256637168143
30093,0.046995300469953004
30095,0.1585014409221902
30097,0.05054151624548736
30099,0.036571428571428574
30105,0.032201405152224825
30111,0.06727528089887641
31001,0.24648011263639563
31003,0.1136208076659822
31011,0.06782464846980976
31013,0.08027681660899653
31019,0.24269433080070135
31021,0.0563973063973064
31023,0.2616747181964573
31025,0.13720642768850433
31027,0.14189643577673167
31031,0.0264783759929391
31033,0.1140247495580436
31035,0.04265041888804265
31039,0.2767062314540059
31041,0.18546465448768865
31043,0.6472519227161884
31045,0.008284023668639054
31047,0.28101023017902815
31053,0.25488372093023254
31055,0.129013028673374
31059,0.07931034482758621
31065,0.021505376344086023
31067,0.21424995828466545
31077,0.060109289617486336
31079,0.2620954044742078
31081,0.27752081406105455
31089,0.0300187617260788
31095,0.2792714657415438
31099,0.05145413870246085
31101,0.13363533408833522
31105,0.16569200779727095
31109,0.16112078007399638
31111,0.050204537002603196
31119,0.2576014135316204
31121,0.03715415019762846
31131,0.28663101604278074
31137,0.23251088534107403
31141,0.42838907327035997
31145,0.13760683760683762
31147,0.19541910331384016
31151,0.49134779429685593
31153,0.07645384302562017
31155,0.11591836734693878
31157,0.17212363575772724
31159,0.20815402038505096
31169,0.21251819505094613
31173,0.177430801987225
31177,0.12566686425607587
31179,0.2667031763417306
31185,0.15851602023608768
32001,0.059287646528403966
32003,0.0303760011021858
32005,0.0684664461247637
32007,0.00999531469623614
32013,0.018684312962242117
32019,0.27035681610247025
32023,0.016206745510293472
32031,0.060973158948223055
32510,0.19746924428822496
33001,0.20860080668067943
33003,0.08431001890359169
33005,0.26747549413466176
33007,0.26463539883601506
33009,0.1803330371729099
33011,0.2773150814895131
33013,0.2016091088736238
33015,0.17504518616700807
33017,0.3264307618095993
33019,0.3718783930510315
34001,0.048502007964646376
34003,0.1803997963719941
34005,0.16613260449554687
34007,0.15359694204570618
34009,0.046691261240488814
34011,0.3100594273365748
34013,0.16201421335488628
34015,0.220201540392902
34017,0.16874178014543706
34019,0.21574353277257577
34021,0.15362935867837976
34023,0.21267377500422327
34025,0.11243808702941714
34027,0.17031891018768672
34029,0.07119519272511253
34031,0.2802835012279772
34033,0.28861726508785335
34035,0.16658483730064674
34037,0.11221380332729369
34039,0.2544429836255482
34041,0.2892794752041071
35001,0.09632206250959129
35005,0.18902833484279985
35006,0.195906432748538
35007,0.0904790065050266
35009,0.06806579693703914
35013,0.09511381281178764
35015,0.051398875204670035
35025,0.01963916001183082
35027,0.011030570438071227
35029,0.10173697270471464
35031,0.08203486903057357
35035,0.09847915884340969
35037,0.03187250996015936
35039,0.046163443543356206
35041,0.11725586279313965
35043,0.340291716847317
35045,0.04016418597514194
35047,0.07374964679287935
35049,0.05251337604861616
35053,0.10541427399507794
35055,0.04113974707859773
35057,0.04226618705035971
35061,0.07468123861566485
36001,0.07802315069703582
36003,0.3271545031055901
36005,0.10194572308039875
36007,0.21801810262852045
36009,0.32178137651821864
36011,0.20420258620689655
36013,0.32335962631648524
36015,0.26670084748318607
36017,0.3728231159703241
36019,0.18148429584599798
36021,0.17693288020390824
36023,0.3673248407643312
36025,0.3862232779097387
36027,0.24672923169011074
36029,0.1919371777989839
36031,0.13595636930268795
36033,0.13807993573006627
36035,0.351952359415046
36037,0.28687475657931344
36039,0.10827168796234028
36043,0.3866984402079723
36045,0.1748346675948486
36047,0.1753069156815631
36049,0.42676431424766975
36051,0.2222135314822057
36053,0.17250793182321258
36055,0.31925299095418735
36057,0.34101500159591447
36059,0.11926325549369941
36061,0.06276004277097265
36063,0.29668559803339833
36065,0.22054278600117616
36067,0.18071890011595163
36069,0.21906148867313915
36071,0.1612875672641636
36073,0.2885101850619092
36075,0.2838168059277944
36077,0.10507002629808575
36079,0.11928512053200332
36083,0.13486900844366215
36085,0.0388211914408516
36087,0.1823600133016141
36089,0.22397708357527193
36091,0.16672127428989086
36093,0.15999928082130208
36095,0.15683453237410072
36097,0.267935121646912
36099,0.36683562635771183
36101,0.26840585687770674
36103,0.1876889408636326
36105,0.03861799355486291
36107,0.5231498359460445
36109,0.1021805872628513
36111,0.1465395772896809
36113,0.18731084776663628
36115,0.4407798833819242
36117,0.3913554836812702
36119,0.09118863508515233
36121,0.3386518243661101
36123,0.15071972904318373
37001,0.4378528235932258
37003,0.6979007857394159
37005,0.4957360029662588
37007,0.5646733403582719
37009,0.5023622047244094
37011,0.18159255429162358
37013,0.4582063849516492
37015,0.6419074632157419
37017,0.453620484992369
37019,0.220276008492569
37021,0.26827667313951264
37023,0.5935401673496091
37025,0.4621981299833649
37027,0.6294452347083926
37031,0.13893831553973904
37033,0.44212410501193317
37035,0.5560744026772512
37037,0.5291624435639916
37039,0.5071512704021538
37041,0.33494910324769755
37045,0.4726799924807319
37047,0.41031440850486317
37049,0.18394614717731653
37051,0.21154793575721745
37053,0.09202059202059203
37057,0.5323704333050128
37059,0.5144175317185697
37061,0.4694824785333024
37063,0.2539468671306578
37065,0.3746574144264972
37067,0.21541953402028963
37069,0.36604624929498025
37071,0.5171540666128718
37073,0.1845965770171149
37077,0.5644845585036973
37079,0.40725806451612906
37081,0.25472349384317855
37083,0.357180675049636
37085,0.3302967378926921
37087,0.3729811574697174
37089,0.32688647930958176
37091,0.2998105462582886
37093,0.6617973372781065
37095,0.2298728813559322
37097,0.44108314510057006
37099,0.2166991552956465
37101,0.37750888312686065
37103,0.2548828125
37105,0.4615806805708013
37107,0.3604958527025795
37109,0.5090534036213614
37111,0.4606104129263914
37113,0.16572660915726609
37115,0.34593023255813954
37117,0.5516121270452358
37119,0.14718539088217444
37121,0.45450314172678613
37123,0.6900357026939306
37125,0.3136179900571482
37127,0.37805472771606613
37129,0.1786759693652512
37131,0.34083930399181167
37133,0.1252200150867488
37135,0.09467351688402934
37137,0.34254742547425476
37139,0.12001486252167451
37141,0.20153508771929823
37145,0.46438511493660445
37147,0.26205048653222396
37149,0.2635390428211587
37151,0.6077174729164432
37153,0.5533507048840783
37155,0.49093001218356574
37157,0.5522985857583383
37159,0.386378161234365
37161,0.5032398407849671
37163,0.3998852082650049
37165,0.5386844392929586
37167,0.5506853768218021
37169,0.37484019432370236
37171,0.5396359365825014
37173,0.2744578313253012
37175,0.4097222222222222
37179,0.4620611183355007
37181,0.4050243527300692
37183,0.12397519893566282
37185,0.426140231449966
37187,0.12569474134245404
37189,0.12767865148390567
37191,0.26140571170997134
37193,0.41822305873268667
37195,0.2996739090609314
37197,0.4828111769686706
37199,0.6198208286674132
38003,0.08270932607215793
38005,0.42256042972247093
38009,0.031658637302133516
38015,0.0519089634699431
38017,0.09241166095245645
38021,0.07991038088125467
38031,0.01642512077294686
38035,0.060802916296677105
38037,0.025069637883008356
38045,0.025139664804469275
38051,0.059020044543429843
38053,0.019943019943019943
38059,0.1383495145631068
38067,0.2201117318435754
38071,0.024771838331160364
38073,0.09505409582689335
38077,0.3444514369624502
38089,0.0679411360198047
38093,0.14635237953155303
38097,0.15196998123827393
38099,0.04705181655747469
38101,0.03542050337630448
38103,0.01146384479717813
38105,0.020316659660921957
39001,0.09821666223050306
39003,0.31171045982819606
39005,0.4713068975146607
39007,0.35025647239387697
39009,0.09649379822248266
39011,0.482965233749042
39013,0.10821995464852607
39015,0.33493135759424714
39017,0.27974953232176264
39019,0.32047293092719353
39021,0.46351108448172557
39023,0.30102793199167244
39025,0.21253672869735554
39027,0.34748917420041026
39029,0.33381105034885916
39031,0.40883668903803133
39033,0.42939460766877713
39035,0.23072812975758286
39037,0.3164910321725173
39039,0.45357827264917727
39041,0.3140410542936961
39043,0.32254185259027185
39045,0.30634828188701224
39047,0.36949801266009125
39049,0.12567583320086897
39051,0.5025306801636276
39053,0.1166535742340927
39055,0.3907881363762358
39057,0.14648137398845903
39059,0.3562674901090418
39061,0.23765875046278387
39063,0.3707174950856501
39065,0.4045226130653266
39067,0.24314516129032257
39069,0.4874928612221588
39071,0.3508109619686801
39073,0.4850384148807117
39075,0.5164823365188447
39077,0.4522892795843578
39079,0.34032192614635465
39081,0.22700344431687716
39083,0.324536730641959
39085,0.3373642221134382
39089,0.2663352272727273
39091,0.3286172575470922
39093,0.35101846245023643
39095,0.20516578895019527
39097,0.33495288574793874
39099,0.16245700245700245
39101,0.3176089834747217
39103,0.267936
39107,0.3356709479158459
39109,0.43113845404154233
39111,0.6515227159261109
39113,0.2587035783514353
39115,0.3255187281056319
39117,0.4213149774507477
39119,0.30498097544102387
39121,0.29961089494163423
39123,0.2508688272852178
39125,0.4219489120151372
39127,0.2979948805460751
39129,0.48356901015733916
39131,0.15677150192554556
39133,0.3390802724635792
39135,0.3832295668300437
39137,0.46531942633637546
39139,0.28918839730442425
39141,0.31188479766678817
39143,0.43986820428336076
39145,0.12822616268063355
39147,0.3595326606479023
39149,0.5977477934462818
39151,0.31451421502700605
39153,0.27099826833491863
39155,0.41858736059479557
39157,0.30323996577762896
39159,0.6271284942174696
39161,0.4603406834569965
39163,0.3351035581518853
39165,0.2380064417697915
39167,0.296598785664392
39169,0.4378268790033496
39171,0.5644857384185563
39173,0.3408906882591093
39175,0.5276056725870852
40001,0.6014542936288089
40005,0.1592356687898089
40009,0.044422507403751234
40011,0.2767940354147251
40013,0.16988543371522094
40015,0.08602923556194585
40017,0.2559357836924377
40019,0.24592701806118689
40021,0.04010238907849829
40023,0.12203791469194313
40027,0.12017786323759164
40031,0.15090570663276887
40035,0.18846270009060706
40037,0.2757182137100597
40039,0.2643854748603352
40041,0.14377289377289376
40047,0.08861495522735202
40049,0.1756841445581784
40051,0.25925925925925924
40061,0.08299477655252467
40065,0.09767025089605735
40067,0.26353790613718414
40071,0.22779097387173397
40073,0.061224489795918366
40075,0.20213963963963963
40079,0.18871692461308037
40081,0.21341463414634146
40083,0.07016011644832605
40087,0.20192307692307693
40089,0.42617496187439347
40091,0.1583505154639175
40093,0.10886806056236481
40095,0.3245266402465874
40097,0.36260857576175376
40099,0.19723360655737704
40101,0.27528462473748205
40105,0.178516228748068
40107,0.16784112748238308
40109,0.14570363992410792
40111,0.24078418230563003
40113,0.09644913627639155
40115,0.2727272727272727
40117,0.053057553956834536
40119,0.18972529432750623
40121,0.20913336792942397
40123,0.21940031326918774
40125,0.18276050190943807
40131,0.2906705215167352
40133,0.29976209357652656
40135,0.11228867019934394
40137,0.07557102069950036
40143,0.18365638927597822
40145,0.3309659090909091
40147,0.1560868051526053
40149,0.17929117442668518
40151,0.06022099447513812
40153,0.1258229700073153
41001,0.14788524105294293
41003,0.25492534218166735
41005,0.1955368230911075
41007,0.2498481825279778
41009,0.2428515471993733
41011,0.17410119840213048
41013,0.41874705605275553
41015,0.17954704646275974
41017,0.1973621367427165
41019,0.28924974917320057
41023,0.19987468671679198
41025,0.27695056581298394
41027,0.15613279622169746
41029,0.15207990341345626
41031,0.3406282183316169
41033,0.24237152034261242
41035,0.2314717028017643
41037,0.2426367461430575
41039,0.19277806385169927
41041,0.12181277592575908
41043,0.3450861633859687
41047,0.16377470031200395
41049,0.38568683957732947
41051,0.15098097706185407
41053,0.2733535730966838
41057,0.19624172538970744
41059,0.25097662119117736
41061,0.18385942076147088
41063,0.2232746955345061
41065,0.15847784200385356
41067,0.28363721730964864
41071,0.28069682495082887
42001,0.3353022932592078
42003,0.11045863651515712
42005,0.20994148201722665
42007,0.2112987683457482
42009,0.28386855163374214
42011,0.32582682582316647
42013,0.2246343588097749
42015,0.3917010167628469
42017,0.231996297931416
42019,0.29580096814139367
42021,0.18089344748664915
42023,0.61907190209077
42025,0.3511474379126061
42027,0.20666321045594696
42029,0.22645396548527322
42031,0.2572396796056685
42033,0.19294813268988306
42035,0.4279465930018416
42037,0.4129821260583255
42039,0.35161069225496916
42041,0.149429209920849
42043,0.20100300902708124
42045,0.1509228681169534
42047,0.5502147216153093
42049,0.34347842805506423
42051,0.20486010960484569
42053,0.3105263157894737
42055,0.3728041814850738
42057,0.37612693833393435
42059,0.05735046062021539
42061,0.31111837090275507
42063,0.1480318968442484
42065,0.37490275400653494
42067,0.472992700729927
42069,0.2615461787433267
42071,0.33187234704279867
42073,0.2647769966149611
42075,0.35665736133025855
42077,0.2356721608952064
42079,0.23201459455171988
42081,0.33986655546288574
42083,0.3688571840322813
42085,0.31289137844479087
42087,0.46575916230366493
42089,0.1513266624598095
42091,0.20043630697312037
42093,0.12528263103802673
42095,0.3414078045544992
42097,0.4086037511164037
42099,0.20519713261648745
42101,0.12227397019523517
42103,0.11198851399856424
42105,0.2844925883694413
42107,0.412087139845397
42109,0.4307131280388979
42111,0.2620050960407683
42113,0.29333333333333333
42115,0.29020866773675763
42117,0.29495920420252597
42119,0.3607165913492576
42121,0.3127207346047647
42123,0.35284933645589384
42125,0.20923122533306157
42127,0.16501556750636853
42129,0.2198968028162222
42131,0.4533809582460894
42133,0.3387009885997991
44001,0.34072542755121216
44003,0.23747434717995897
44005,0.15519028050741468
44007,0.26692647119468843
44009,0.27868955345655383
45001,0.6771923493323709
45003,0.16681278095913152
45005,0.4494802494802495
45007,0.436053619771199
45009,0.4533636659083523
45011,0.4896013864818024
45013,0.03724401372334029
45015,0.28420661858294444
45017,0.5765829501238061
45019,0.09987645211661547
45021,0.5280837998916381
45023,0.6385334145846029
45025,0.6450432209329492
45027,0.2431379821958457
45029,0.25502958579881657
45031,0.41386554621848737
45033,0.4542501353546291
45035,0.18956941878641467
45037,0.4465473145780051
45039,0.37765694513099357
45041,0.2943241661790521
45043,0.31023269258563374
45045,0.2679247101920806
45047,0.43720058321183086
45049,0.38989513822688276
45051,0.09957811915908646
45053,0.12442748091603054
45055,0.41855625717566014
45057,0.4990623989654058
45059,0.4741624077228847
45061,0.4419210722263589
45063,0.2392804232804233
45065,0.4460269865067466
45067,0.5724207347760443
45069,0.5430333613680964
45071,0.45818033455732354
45073,0.45840959004392384
45075,0.3803329023917259
45077,0.4619472536188777
45079,0.09606934949161683
45081,0.5424129773572153
45083,0.39989701000317734
45085,0.3435320342273675
45087,0.6595180722891566
45089,0.4995507637017071
45091,0.330354770932451
46005,0.2036036036036036
46009,0.2644194756554307
46011,0.2766950315673895
46013,0.1329296211505797
46019,0.03972687771570453
46023,0.05349276274386407
46029,0.2884094112544725
46033,0.1468189233278956
46035,0.22465154413774255
46037,0.17881705639614856
46039,0.17597765363128492
46043,0.045941807044410414
46051,0.1914648212226067
46059,0.03132832080200501
46065,0.032532117695814336
46067,0.1772293886707796
46077,0.21272885789014823
46079,0.22009068712940355
46081,0.08021258188110246
46083,0.2374395236323037
46089,0.10474308300395258
46091,0.33559322033898303
46099,0.13848787360065443
46101,0.22603833865814696
46103,0.12944689690989353
46107,0.06685633001422475
46109,0.13825363825363826
46123,0.010464355788096796
46125,0.056289089645587216
46127,0.4588119461765671
46135,0.25960331408486065
47001,0.4318023277159746
47003,0.5481703535249122
47005,0.3348567946374162
47007,0.5981996726677578
47009,0.288107202680067
47011,0.46841047774966516
47013,0.3752997601918465
47015,0.49101796407185627
47017,0.550321199143469
47019,0.40623540401681457
47021,0.6136970056329677
47023,0.42211903756859437
47025,0.524177035753662
47027,0.7468861209964412
47029,0.4440826957512616
47031,0.3502870264064294
47033,0.565231158961368
47035,0.29266940224021293
47037,0.1324279133253711
47039,0.5468639887244539
47041,0.580417938483212
47043,0.29973441254584543
47045,0.4587792012057272
47047,0.5353616226314385
47049,0.4900768245838668
47051,0.30371969445366986
47053,0.5466229332619319
47055,0.5470388211958062
47057,0.6706281833616299
47059,0.5524785801713586
47061,0.41225626740947074
47063,0.596180609246946
47065,0.24252715289166693
47069,0.5190434012400355
47071,0.5163749783399757
47073,0.6202229299363057
47075,0.4956741928676936
47077,0.6543282701666421
47079,0.43565717141429283
47081,0.5637674628210906
47083,0.4315004659832246
47085,0.47490077048797574
47087,0.6237356709372893
47089,0.45264467952706905
47091,0.5580340264650283
47093,0.1535953232522785
47097,0.46213224584911156
47099,0.5306873184898354
47101,0.5153746210480727
47103,0.49584444095969893
47105,0.43717728055077454
47107,0.5614279737832938
47109,0.5285690488089289
47111,0.5353189246178176
47113,0.25559725225798247
47115,0.3493412664683383
47117,0.7061611374407583
47119,0.39964956195244056
47121,0.6724137931034483
47123,0.4945659465986851
47125,0.16675506523814576
47129,0.6567834681042228
47131,0.5538880248833593
47133,0.5092152199762188
47135,0.6876379690949227
47137,0.7184567257559958
47139,0.4967287367891293
47141,0.4660470694048868
47143,0.6360117665273262
47145,0.3569436698271054
47147,0.44471368447902054
47149,0.40873198995026405
47151,0.48142957252978275
47153,0.3935372186959031
47155,0.1310753506578232
47157,0.14347002293016825
47159,0.4713094654242276
47161,0.6144767899291896
47163,0.3389025852878465
47165,0.4350937584926171
47167,0.41286237920693103
47169,0.6114377338321753
47171,0.5057158410451824
47173,0.5487431023911711
47177,0.4803069526627219
47179,0.29440307872500626
47181,0.6798561151079137
47183,0.4554490592829251
47185,0.642898327887757
47187,0.1919160199183527
47189,0.31789487673599576
48001,0.11460280373831776
48003,0.12298959318826869
48005,0.3085514392885742
48007,0.12520115867396203
48013,0.033694627709707825
48015,0.12504892367906068
48017,0.09722222222222222
48019,0.05075053609721229
48021,0.217357910906298
48025,0.11297071129707113
48027,0.17236586657253794
48029,0.10070864514444831
48031,0.051688490696071676
48035,0.3080531665363565
48037,0.1784383395441546
48039,0.30616589096944113
48041,0.10648842517117704
48043,0.02045209903121636
48049,0.28725612287256125
48051,0.136892177589852
48053,0.22311046511627908
48055,0.16269143861410998
48057,0.37332718043377944
48059,0.06006322444678609
48061,0.1873737540978178
48063,0.19441460794844254
48067,0.33236732476000724
48069,0.0837138508371385
48071,0.27219861328561845
48073,0.2967453138114334
48077,0.09357997823721437
48083,0.10972143263217737
48085,0.19816675221822982
48089,0.16005121638924455
48091,0.21893083494075502
48093,0.09361329833770779
48097,0.3371391076115486
48099,0.1115822361080116
48111,0.028535980148883373
48113,0.17188542996994743
48115,0.07822605481983369
48117,0.1674445740956826
48121,0.23215399159241307
48123,0.30016904129437333
48133,0.20430944963655245
48135,0.10832555329781976
48139,0.39131566616337793
48141,0.25428776704514056
48143,0.212318744179859
48145,0.16893972723273207
48147,0.31004268703662097
48149,0.1385553649704593
48153,0.1037037037037037
48157,0.21590088338241015
48159,0.15284178187403993
48161,0.09730848861283643
48163,0.07380202868135712
48165,0.02247191011235955
48167,0.16203428790345753
48171,0.1536123451017068
48177,0.19861376673040154
48179,0.17039473684210527
48181,0.33923874595640474
48183,0.2079047468995476
48185,0.3425414364640884
48187,0.3532893624217825
48189,0.20779861796643634
48193,0.1449565798263193
48195,0.015151515151515152
48199,0.12978116079923882
48201,0.1219933811560841
48203,0.28139230241407276
48207,0.05778894472361809
48209,0.17227824303537856
48213,0.12627594907672898
48215,0.15924485319955894
48217,0.19483192316487538
48219,0.023450311577566416
48221,0.027094152178821405
48223,0.18103795091859998
48225,0.26015869199326763
48227,0.11618569636135508
48231,0.47829290112087564
48233,0.2758495585923328
48237,0.03101503759398496
48241,0.32875722543352603
48245,0.17976185302681327
48249,0.017748257839721254
48251,0.25886295490622613
48253,0.07340206185567011
48255,0.17035490605427975
48257,0.2583619210977702
48259,0.06154419992540097
48265,0.1285829400253252
48267,0.18775510204081633
48273,0.10679012345679012
48277,0.3694218890970921
48279,0.19669576059850374
48281,0.19643716899374097
48285,0.4192355117139334
48287,0.09061488673139159
48291,0.1759010736196319
48293,0.17102020699852144
48299,0.036445332001997004
48303,0.09866129734436221
48307,0.1474172954149739
48309,0.2245382297375365
48313,0.013415315818893237
48315,0.29941672067401165
48321,0.0896565905819453
48323,0.2095447065277016
48325,0.12241653418124006
48329,0.032300224047796866
48331,0.4127429372871168
48337,0.2891640866873065
48339,0.14835636017151024
48341,0.4066915705700828
48343,0.4744079449961803
48347,0.2937860874346989
48349,0.2609717868338558
48353,0.21947308132875143
48355,0.09698127791137066
48357,0.043130434782608695
48361,0.33260598503740646
48363,0.2140715923117616
48365,0.18987132959419334
48367,0.2633265676743938
48371,0.040606060606060604
48373,0.23876456445348623
48375,0.13703262979896036
48381,0.12722170252572498
48387,0.3918200408997955
48395,0.12495600140795494
48397,0.14562688496337786
48399,0.4347054648687012
48401,0.17415910304324614
48405,0.09915809167446211
48407,0.15300546448087432
48409,0.20061570035915854
48411,0.10782608695652174
48415,0.03984391045389197
48419,0.4177671068427371
48423,0.20969158057947732
48427,0.01147396293027361
48429,0.0886634318482576
48437,0.09600477042337507
48439,0.23402440318302387
48441,0.12258978953280025
48445,0.040995607613469986
48449,0.36694677871148457
48451,0.16574623073013722
48453,0.16167364087335065
48455,0.16473988439306358
48457,0.26550145651269247
48459,0.10878243512974052
48463,0.13704071499503476
48465,0.05655344122354615
48467,0.0615286352991271
48469,0.11449922693695241
48471,0.14092846991946945
48473,0.30469297221573666
48475,0.03625576796308504
48477,0.2786823173040515
48479,0.04343320956739487
48481,0.1427020179169306
48483,0.007725321888412017
48485,0.19084402764067127
48491,0.23627424201037966
48493,0.08995502248875563
48497,0.18255080588647513
48499,0.17381974248927037
48501,0.02014388489208633
48503,0.2497583607191185
49001,0.1037344398340249
49003,0.6205214209483153
49005,0.3627701720074219
49007,0.045000907276356375
49011,0.20098808030112925
49013,0.04410552349546579
49015,0.00463788797716732
49019,0.02011963023382273
49021,0.1371547483919788
49023,0.2154566744730679
49027,0.09261992619926199
49029,0.2921511627906977
49035,0.16477002693140413
49037,0.11239193083573487
49039,0.31974921630094044
49041,0.1090124123043713
49043,0.05532965437118792
49045,0.21253890618052468
49047,0.03209293167946446
49049,0.18346224779102094
49053,0.1270658583174155
49057,0.2206724729030472
50001,0.2728964234029357
50003,0.23332860385925086
50005,0.20652576937337783
50007,0.19732819253881953
50009,0.6296296296296297
50011,0.2848491645172143
50013,0.026607538802660754
50015,0.07936275942706811
50017,0.22566289634711664
50019,0.2795969773299748
50021,0.20264997212812486
50023,0.12283082888996606
50025,0.16061273630821252
50027,0.18200924758301806
51001,0.3479295573536411
51003,0.2931641661440494
51005,0.3065108514190317
51007,0.2930780559646539
51009,0.16099499049922267
51011,0.5189538642374375
51015,0.3942201775416316
51019,0.2584347826086957
51021,0.5442622950819672
51023,0.2266594711279007
51025,0.2961165048543689
51027,0.03651656580162068
51029,0.16719846841097638
51031,0.4639973082099596
51033,0.20315364869820315
51035,0.4248385202583676
51036,0.2907216494845361
51037,0.5551871151113217
51041,0.19317920215739798
51043,0.30752688172043013
51047,0.19976949673453706
51053,0.13583509513742073
51057,0.29255663430420714
51059,0.048081120207510965
51061,0.06674734686278161
51063,0.4765957446808511
51067,0.5098768054375531
51069,0.32696001396891916
51071,0.55059892606361
51073,0.07610117749672918
51075,0.01810385898046689
51077,0.6903782894736842
51081,0.5348027842227379
51083,0.594092219020173
51085,0.10525428727931573
51087,0.10365722715516838
51089,0.5405125899280575
51093,0.5228350098277258
51095,0.17780802177567848
51097,0.25949367088607594
51099,0.07257501744591766
51103,0.12967914438502673
51105,0.30263547527391177
51107,0.07417498316292169
51109,0.2729873314262362
51111,0.5472972972972973
51113,0.2896642527978934
51115,0.16324535679374388
51117,0.4312309699869509
51121,0.3603690642964108
51125,0.14521158129175946
51131,0.22515038670867946
51133,0.34988452655889146
51135,0.21264222503160557
51137,0.34648430650534806
51139,0.37996654119615225
51141,0.550404548436475
51143,0.58586177003704
51145,0.043896572459410706
51147,0.17298380364000668
51149,0.07173528668855772
51153,0.06488188230838422
51155,0.5043769309989702
51159,0.21604639922667956
51161,0.14742799762654618
51163,0.42099898063200814
51165,0.4542170566986022
51167,0.2681728880157171
51169,0.38746346216303995
51171,0.4519291303174746
51173,0.5402757305124426
51175,0.35557397430584337
51177,0.16604769351055512
51179,0.04461764373658647
51183,0.2587087784486763
51185,0.18360886387618713
51187,0.14042263122017723
51191,0.36190903650508677
51193,0.285140562248996
51195,0.06895263010370924
51197,0.24629357553092027
51515,0.48173874075733814
51520,0.32905566864324276
51530,0.40064446831364126
51550,0.10434319211297628
51570,0.11943048576214406
51590,0.3708462749436242
51600,0.020284510010537406
51610,0.01910958904109589
51640,0.64149906583141
51650,0.09241998582193399
51660,0.1760791257097503
51670,0.4173694147262429
51680,0.23613672838766858
51685,0.07597173144876325
51690,0.5147093433749117
51700,0.4218295189614976
51710,0.09813567446201973
51730,0.1822150363783347
51740,0.10348193947282786
51750,0.3540870198434371
51760,0.16597524766212504
51770,0.13898017434235901
51775,0.30716562389328295
51800,0.23146517213771017
51810,0.04461073393131473
51820,0.4834345665378244
51840,0.26760344291195687
53001,0.1997175711115594
53003,0.09680851063829787
53005,0.0884434522395858
53007,0.09440978886756238
53009,0.12531721152410807
53011,0.25780553077609275
53015,0.297148145609104
53017,0.027188136086071533
53021,0.11150611882135776
53025,0.1610900738717487
53027,0.23182156925369957
53029,0.06412957598103766
53031,0.17037216046399226
53033,0.20587670515474202
53035,0.03472280466325589
53037,0.09329021827000808
53039,0.3364640883977901
53041,0.18893652494938667
53043,0.013219284603421462
53045,0.2080490182425846
53047,0.08875585632483082
53049,0.25733425733425735
53051,0.3105646630236794
53053,0.134723946579599
53055,0.046039268788083954
53057,0.1279331404693025
53059,0.4214792299898683
53061,0.3435202811539025
53063,0.1524673307891824
53065,0.24345827439886847
53067,0.1143803065093181
53069,0.05357142857142857
53071,0.24463943644565284
53073,0.17317352604212566
53075,0.07128874388254486
53077,0.139640275581658
54001,0.06362815884476535
54003,0.21444584559338659
54005,0.018855550090178717
54007,0.059390667180871576
54009,0.38566688785666886
54011,0.1716529351184346
54019,0.11743385284523378
54021,0.11151079136690648
54023,0.1381110583768391
54025,0.16246023329798515
54027,0.1511746680286006
54029,0.6169042094796156
54031,0.631578947368421
54033,0.10086698043101312
54035,0.4176199419498037
54037,0.16487095965923326
54039,0.11682507710706867
54041,0.20650095602294455
54045,0.08784251656939361
54047,0.0133492252681764
54049,0.18001345895020188
54051,0.309644124287711
54053,0.2075208913649025
54055,0.11391625615763547
54057,0.36928854579595244
54059,0.022909041615832994
54061,0.09358882805681187
54065,0.15212527964205816
54067,0.1434724983432737
54069,0.08700796359499431
54075,0.3166597767672592
54077,0.13929492691315562
54079,0.11605394822710463
54081,0.03251689189189189
54083,0.13805811481218994
54085,0.5337103088299261
54087,0.2656126482213439
54091,0.3782278481012658
54093,0.2556247008137865
54095,0.47284929835265405
54097,0.20090991810737033
54099,0.23966294336664706
54103,0.06760485651214128
54107,0.2575294080544956
54109,0.028440832910106652
55001,0.2125579001544004
55003,0.25721830985915495
55005,0.4168857507699241
55007,0.11909917713295799
55009,0.26333967639391503
55011,0.1303698169592828
55013,0.32619316046599023
55015,0.5101358877255513
55017,0.40904994850669413
55019,0.35446536534807394
55021,0.3015500568828214
55023,0.30832383124287344
55025,0.1575112571730643
55027,0.3204888503807743
55029,0.31500503524672707
55031,0.12234545610867509
55033,0.22841225626740946
55035,0.14079990132289
55037,0.2807308970099668
55039,0.37289185460483715
55041,0.15534633490248823
55043,0.272530516838369
55045,0.2994394815204064
55047,0.397847595903489
55049,0.08956276445698166
55051,0.09710743801652892
55053,0.11146666666666667
55055,0.4122394339261809
55057,0.4309366130558184
55059,0.26825373784293804
55061,0.3643581826202029
55063,0.22719555486957863
55065,0.2942230183609494
55067,0.23694223452092703
55069,0.40440670185907734
55071,0.42501886656844073
55073,0.32500667319156507
55075,0.4244431503857912
55077,0.37329931972789115
55079,0.21179839707945014
55081,0.31141719573872806
55083,0.4480664749121125
55085,0.17711819623040337
55087,0.2859298434325326
55089,0.3803864569083447
55091,0.08910212474297464
55093,0.19952005485087418
55095,0.2864603734168952
55097,0.2504489136290178
55099,0.5258364312267658
55101,0.3650419208462301
55103,0.35789758872934163
55105,0.34090056655546125
55107,0.43904382470119524
55109,0.2814195944015995
55111,0.2698167045509503
55113,0.10774091627172196
55115,0.23718654434250763
55117,0.4514483431663931
55119,0.4187323240725337
55121,0.28769917144678137
55123,0.16439275329903824
55125,0.1446723138653589
55127,0.2993522835100458
55129,0.21399938328707988
55131,0.3852844996729889
55133,0.29644887887565713
55135,0.3537041275654231
55137,0.0818636483285075
55139,0.4243022136669875
55141,0.2841539629694527
56001,0.07501442585112522
56003,0.14553752535496958
56005,0.02253844794060456
56007,0.0988802028311853
56009,0.04712244109694863
56013,0.06140677335318199
56015,0.16049913941480207
56019,0.037377049180327866
56021,0.048866995073891625
56023,0.15120711562897077
56025,0.05650573717254817
56029,0.05983282006159261
56031,0.015625
56033,0.05927464451190286
56035,0.016051364365971106
56037,0.12312229919747582
56041,0.028993746446844798
56043,0.20642605633802816
56045,0.11655629139072848
72001,0.18042071197411003
72003,0.5874489417007055
72005,0.4801474758933636
72007,0.6957062850031114
72009,0.6
72011,0.829246935201401
72013,0.3844527947393142
72017,0.8823612087139845
72019,0.24897750511247443
72021,0.20052458177398202
72023,0.2563315425940138
72025,0.2846192225699642
72029,0.5312093628088427
72031,0.1895810955961332
72033,0.25504670081349806
72035,0.5210497539639147
72039,0.7243967828418231
72041,0.6614476386036962
72043,0.5746710526315789
72045,0.35509138381201044
72047,0.6128074639525021
72051,0.3885221855518885
72053,0.3678865065290988
72054,0.2706422018348624
72055,0.3620309050772627
72057,0.520988490182803
72059,0.12625698324022347
72061,0.13463740895139492
72063,0.6844325153374233
72065,0.36458907887479314
72067,0.8078579117330463
72069,0.4392873458200091
72071,0.5702212279393487
72075,0.40547703180212014
72077,0.4909431605246721
72079,0.5354691075514875
72081,0.06336853807670928
72085,0.6307913079130791
72089,0.6090850927703135
72091,0.45450680272108845
72097,0.4451512632377923
72099,0.5672664952870609
72101,0.7182410423452769
72103,0.5278058645096056
72105,0.21786360893180445
72107,0.3053053053053053
72109,0.5474613686534217
72111,0.3483535528596187
72113,0.26020980025865786
72115,0.5796407185628742
72117,0.6104651162790697
72119,0.532319391634981
72121,0.6941866145578895
72123,0.3912823112012164
72125,0.5210029306414848
72127,0.05381772845718393
72129,0.578323956174119
72131,0.35841313269493846
72133,0.34033280507131536
72135,0.6214219759926131
72137,0.4325472389043504
72139,0.18688455897758224
72141,0.22713864306784662
72143,0.6478063540090772
72145,0.6238279987067572
72147,0.45213849287169044
72149,0.4585365853658537
72151,0.6551218080422659
72153,0.2182344428364689
78010,0.15385269603674095
